<?xml version="1.0" encoding ="UTF-8"?>
<booklist>
	<book isbn="B001" kind="JAVA">
		<title>자바초급</title>
		<author>이누리</author>
		<price>25000</price>
	</book>
	<book isbn="B002" kind="Essay">
		<title>자바중급</title>
		<author>박진영</author>
		<price>30000</price>
	</book>
	<book isbn="B003" kind="Poem">
		<title>디비설계</title>
		<author>정보람</author>
		<price>35000</price>
	</book>
	<book isbn="B004" kind="Oracle">
		<title>디비구현</title>
		<author>민태홍</author>
		<price>40000</price>
	</book>
	<book isbn="B005" kind="JAVA였던거">
		<title>자바초급</title>
		<author>구한나</author>
		<price>45000</price>
	</book>
	
</booklist>