<?xml version="1.0" encoding="UTF-8"?>
<!DOCTYPE sqlMap
			PUBLIC "-//ibatis.apache.org//DTD SQL Map 2.0//EN"
			"http://ibatis.apache.org/dtd/sql-map-2.dtd">
<sqlMap namespace="board">

	 <insert id="insertBoard" parameterClass="bvo">
	 
	 INSERT INTO jdbc_board VALUES (BOARD_SEQ.NEXTVAL, #board_title#, #board_writer#, SYSDATE, #board_content#)
	 
	 </insert>
	 
	 <!-- update 연습 -->
	 <update id="updateBoard" parameterClass="bvo">
	 
	 UPDATE jdbc_board SET board_title = #board_title#, board_writer = #board_writer#
	 		, board_content = #board_content# WHERE board_no = #board_no#
	 
	 </update>
	 
	 <!-- delete 연습 -->
	 <delete id="deleteBoard" parameterClass="Integer">
	 
	 DELETE FROM jdbc_board WHERE board_no = #board_no#
	 
	 </delete>
	 
	 <!-- select 연습 -->
	 <select id="getBoardAll" resultClass="bvo">
	 
	 SELECT * FROM jdbc_board
	 
	 </select>
	 
	 <select id="getBoard" parameterClass="int" resultClass="int">
	 
	 SELECT COUNT(*) AS cnt FROM jdbc_board WHERE board_no = #board_no#
	 
	 </select>
	 
	 <select id="getSearchBoard" parameterClass="bvo" resultClass="bvo">
	 
	 SELECT * FROM jdbc_board WHERE 1=1
	 <isNotEmpty property="board_title">
	 	AND board_title LIKE '%'|| #board_title# ||'%'
	 </isNotEmpty>		
	 <isNotEmpty property="board_writer">
	 	AND board_writer LIKE '%'|| #board_writer# ||'%'
	 </isNotEmpty>				
	 <isNotEmpty property="board_content">
	 	AND board_content LIKE '%' || #board_content# || '%'
	 </isNotEmpty>
	 
	  <!-- SELECT * FROM jdbc_board WHERE 1=1
		<isNotEmpty>
			and board_title LIKE '%'|| #board_title# ||'%'
		</isNotEmpty>
		<isNotEmpty>
			and board_writer LIKE '%'|| #board_writer# ||'%'
		</isNotEmpty>
		<isNotEmpty>
			and board_content LIKE '%'|| #board_content# ||'%'
		</isNotEmpty> -->
	 
	 </select>		
</sqlMap>			





