<?xml version="1.0" encoding="UTF-8"?>
<!DOCTYPE sqlMap
			PUBLIC "-//ibatis.apache.org//DTD SQL Map 2.0//EN"
			"http://ibatis.apache.org/dtd/sql-map-2.dtd">

<sqlMap namespace = "board">

	 <insert id="insertBoard" parameterClass="vo.BoardVO"> 
	 
	INSERT INTO jdbc_board VALUES (BOARD_SEQ.NEXTVAL, #board_title#, #board_writer#, SYSDATE, #board_content#)
		 
	 </insert>
	 

 	 <update id="updateBoard" parameterClass="vo.BoardVO"> 
	 
 	  UPDATE jdbc_board SET board_title = #board_title#, board_writer = #board_writer#
	 		, board_content = #board_content# WHERE board_no = #board_no#
	  
 	 </update>
	 
 	 <delete id="deleteBoard" parameterClass="Integer"> 
	 
	 delete from jdbc_board where board_no = #board_no#
	 
 	 </delete>
	 
	 <select id="displayBoardAll" resultClass="vo.BoardVO"> 
	 
 	 select * from jdbc_board 
	 
 	 </select> 
 	 
 	 <select id="searchBoard" parameterClass="vo.BoardVO" resultClass="vo.BoardVO">
	 
	 
     select * from jdbc_board
	 where 1=1
	 <isNotEmpty property = "board_no">
	 	and board_no = #board_no#	
	 </isNotEmpty>
	  <isNotEmpty property ="board_title">
	  and board_title = #board_title#	
	  </isNotEmpty>
	  <isNotEmpty property ="board_writer">
	  and board_writer = #board_writer#
	  </isNotEmpty>



	 
	 </select>
</sqlMap>			





