<?xml version="1.0" encoding="UTF-8" ?>
<!DOCTYPE sqlMapConfig      
    PUBLIC "-//ibatis.apache.org//DTD SQL Map Config 2.0//EN"      
    "http://ibatis.apache.org/dtd/sql-map-config-2.dtd">

<sqlMapConfig>
	<!-- 
	DB와 연결하는 정보를 properties파일에 설정해 놓고 이 properties파일의
	내용을 읽어와 설정한다.
	 -->
	<properties resource="SqlMapConfig.properties" />
	
	<!-- ibatis를 처리하기 위한 환경설정 부분 -->			<!-- defult값임 -->
	<settings cacheModelsEnabled="true" enhancementEnabled="true"
		lazyLoadingEnabled="true" maxRequests="32" maxSessions="10"
		maxTransactions="5" useStatementNamespaces="true" />

	<!-- 
	VO클래스등의 이름이 패키지명까지 기술하면 길어지는데 이것을 간단히
	표시하기 위해서 alias를 지정할 수 있다.
	형식) <typeAlias alias="alias명" type="클래스의 풀네임"/>
	 -->
	<typeAlias alias="bvo" type="vo.BoardVO"/>
	

	<!-- 
	DB와의 연결을 처리하는 부분
	SqlMapConfig.properties에 설정해 놓은 정보를 이용하여 구성한다.
	 -->
	<transactionManager type="JDBC">
		<dataSource type="SIMPLE">
		<!--
			각종 설정을 직접 기술해서 처리할 수도 있다. 
			<property name="JDBC.Driver" value="oracle.jdbc.driver.OracleDriver" />
		 -->
			<property name="JDBC.Driver" value="${driver}" />			<!-- driver는 키값 이며 위에 properties 파일에서 가져온다. -->
			<property name="JDBC.ConnectionURL" value="${url}" />
			<property name="JDBC.Username" value="${username}" />
			<property name="JDBC.Password" value="${password}" />
		</dataSource>
	</transactionManager>
	
	<!-- 
	실제 처리할 SQL문은 xml문서로 따로 만든 후
	그 xml문서와 아래와 같이 연결하여 사용한다.
	형식) <sqlMap resource="경로명/파일명.xml"/> 
	-->
	<sqlMap resource="controller/board.xml"/>
</sqlMapConfig>






